Name,NumCells,NumActive,NumInactive,FractionActive,FractionInactive,Parameters
A - 07(fld 01 wv Cy3 - Cy3),78,41,37,0.5256410256410257,0.47435897435897434,"{'min_thresh': 1700, 'max_thresh': 7000, 'min_size': 200, 'mineccentricity': 0.4, 'minsolidity': 0.92}"
A - 07(fld 02 wv Cy3 - Cy3),64,26,38,0.40625,0.59375,"{'min_thresh': 1700, 'max_thresh': 7000, 'min_size': 200, 'mineccentricity': 0.4, 'minsolidity': 0.92}"
A - 07(fld 03 wv Cy3 - Cy3),84,34,50,0.40476190476190477,0.5952380952380952,"{'min_thresh': 1700, 'max_thresh': 7000, 'min_size': 200, 'mineccentricity': 0.4, 'minsolidity': 0.92}"
A - 07(fld 04 wv Cy3 - Cy3),83,28,55,0.3373493975903614,0.6626506024096386,"{'min_thresh': 1700, 'max_thresh': 7000, 'min_size': 200, 'mineccentricity': 0.4, 'minsolidity': 0.92}"
A - 07(fld 05 wv Cy3 - Cy3),89,23,66,0.25842696629213485,0.7415730337078652,"{'min_thresh': 1700, 'max_thresh': 7000, 'min_size': 200, 'mineccentricity': 0.4, 'minsolidity': 0.92}"
A - 07(fld 06 wv Cy3 - Cy3),134,19,115,0.1417910447761194,0.8582089552238806,"{'min_thresh': 1700, 'max_thresh': 7000, 'min_size': 200, 'mineccentricity': 0.4, 'minsolidity': 0.92}"
A - 07(fld 07 wv Cy3 - Cy3),9,1,8,0.1111111111111111,0.8888888888888888,"{'min_thresh': 1700, 'max_thresh': 7000, 'min_size': 200, 'mineccentricity': 0.4, 'minsolidity': 0.92}"
A - 07(fld 08 wv Cy3 - Cy3),81,52,29,0.6419753086419753,0.35802469135802467,"{'min_thresh': 1700, 'max_thresh': 7000, 'min_size': 200, 'mineccentricity': 0.4, 'minsolidity': 0.92}"
A - 07(fld 09 wv Cy3 - Cy3),84,36,48,0.42857142857142855,0.5714285714285714,"{'min_thresh': 1700, 'max_thresh': 7000, 'min_size': 200, 'mineccentricity': 0.4, 'minsolidity': 0.92}"
A - 07(fld 10 wv Cy3 - Cy3),75,18,57,0.24,0.76,"{'min_thresh': 1700, 'max_thresh': 7000, 'min_size': 200, 'mineccentricity': 0.4, 'minsolidity': 0.92}"
A - 07(fld 11 wv Cy3 - Cy3),81,39,42,0.48148148148148145,0.5185185185185185,"{'min_thresh': 1700, 'max_thresh': 7000, 'min_size': 200, 'mineccentricity': 0.4, 'minsolidity': 0.92}"
A - 07(fld 12 wv Cy3 - Cy3),75,42,33,0.56,0.44,"{'min_thresh': 1700, 'max_thresh': 7000, 'min_size': 200, 'mineccentricity': 0.4, 'minsolidity': 0.92}"
A - 07(fld 13 wv Cy3 - Cy3),125,21,104,0.168,0.832,"{'min_thresh': 1700, 'max_thresh': 7000, 'min_size': 200, 'mineccentricity': 0.4, 'minsolidity': 0.92}"
A - 07(fld 14 wv Cy3 - Cy3),51,17,34,0.3333333333333333,0.6666666666666666,"{'min_thresh': 1700, 'max_thresh': 7000, 'min_size': 200, 'mineccentricity': 0.4, 'minsolidity': 0.92}"
A - 07(fld 15 wv Cy3 - Cy3),55,32,23,0.5818181818181818,0.41818181818181815,"{'min_thresh': 1700, 'max_thresh': 7000, 'min_size': 200, 'mineccentricity': 0.4, 'minsolidity': 0.92}"
A - 07(fld 16 wv Cy3 - Cy3),76,31,45,0.40789473684210525,0.5921052631578947,"{'min_thresh': 1700, 'max_thresh': 7000, 'min_size': 200, 'mineccentricity': 0.4, 'minsolidity': 0.92}"
A - 07(fld 17 wv Cy3 - Cy3),93,23,70,0.24731182795698925,0.7526881720430108,"{'min_thresh': 1700, 'max_thresh': 7000, 'min_size': 200, 'mineccentricity': 0.4, 'minsolidity': 0.92}"
A - 07(fld 18 wv Cy3 - Cy3),85,40,45,0.47058823529411764,0.5294117647058824,"{'min_thresh': 1700, 'max_thresh': 7000, 'min_size': 200, 'mineccentricity': 0.4, 'minsolidity': 0.92}"
A - 07(fld 19 wv Cy3 - Cy3),104,42,62,0.40384615384615385,0.5961538461538461,"{'min_thresh': 1700, 'max_thresh': 7000, 'min_size': 200, 'mineccentricity': 0.4, 'minsolidity': 0.92}"
A - 07(fld 20 wv Cy3 - Cy3),133,21,112,0.15789473684210525,0.8421052631578947,"{'min_thresh': 1700, 'max_thresh': 7000, 'min_size': 200, 'mineccentricity': 0.4, 'minsolidity': 0.92}"
A - 07(fld 21 wv Cy3 - Cy3),23,5,18,0.21739130434782608,0.782608695652174,"{'min_thresh': 1700, 'max_thresh': 7000, 'min_size': 200, 'mineccentricity': 0.4, 'minsolidity': 0.92}"
A - 07(fld 22 wv Cy3 - Cy3),58,31,27,0.5344827586206896,0.46551724137931033,"{'min_thresh': 1700, 'max_thresh': 7000, 'min_size': 200, 'mineccentricity': 0.4, 'minsolidity': 0.92}"
A - 07(fld 23 wv Cy3 - Cy3),89,38,51,0.42696629213483145,0.5730337078651685,"{'min_thresh': 1700, 'max_thresh': 7000, 'min_size': 200, 'mineccentricity': 0.4, 'minsolidity': 0.92}"
A - 07(fld 24 wv Cy3 - Cy3),86,33,53,0.38372093023255816,0.6162790697674418,"{'min_thresh': 1700, 'max_thresh': 7000, 'min_size': 200, 'mineccentricity': 0.4, 'minsolidity': 0.92}"
A - 07(fld 25 wv Cy3 - Cy3),71,28,43,0.39436619718309857,0.6056338028169014,"{'min_thresh': 1700, 'max_thresh': 7000, 'min_size': 200, 'mineccentricity': 0.4, 'minsolidity': 0.92}"
A - 07(fld 26 wv Cy3 - Cy3),110,45,65,0.4090909090909091,0.5909090909090909,"{'min_thresh': 1700, 'max_thresh': 7000, 'min_size': 200, 'mineccentricity': 0.4, 'minsolidity': 0.92}"
A - 07(fld 27 wv Cy3 - Cy3),122,29,93,0.23770491803278687,0.7622950819672131,"{'min_thresh': 1700, 'max_thresh': 7000, 'min_size': 200, 'mineccentricity': 0.4, 'minsolidity': 0.92}"
A - 07(fld 28 wv Cy3 - Cy3),14,5,9,0.35714285714285715,0.6428571428571429,"{'min_thresh': 1700, 'max_thresh': 7000, 'min_size': 200, 'mineccentricity': 0.4, 'minsolidity': 0.92}"
A - 07(fld 29 wv Cy3 - Cy3),43,32,11,0.7441860465116279,0.2558139534883721,"{'min_thresh': 1700, 'max_thresh': 7000, 'min_size': 200, 'mineccentricity': 0.4, 'minsolidity': 0.92}"
A - 07(fld 30 wv Cy3 - Cy3),78,41,37,0.5256410256410257,0.47435897435897434,"{'min_thresh': 1700, 'max_thresh': 7000, 'min_size': 200, 'mineccentricity': 0.4, 'minsolidity': 0.92}"
A - 07(fld 31 wv Cy3 - Cy3),77,37,40,0.4805194805194805,0.5194805194805194,"{'min_thresh': 1700, 'max_thresh': 7000, 'min_size': 200, 'mineccentricity': 0.4, 'minsolidity': 0.92}"
A - 07(fld 32 wv Cy3 - Cy3),78,43,35,0.5512820512820513,0.44871794871794873,"{'min_thresh': 1700, 'max_thresh': 7000, 'min_size': 200, 'mineccentricity': 0.4, 'minsolidity': 0.92}"
A - 07(fld 33 wv Cy3 - Cy3),104,28,76,0.2692307692307692,0.7307692307692307,"{'min_thresh': 1700, 'max_thresh': 7000, 'min_size': 200, 'mineccentricity': 0.4, 'minsolidity': 0.92}"
A - 07(fld 34 wv Cy3 - Cy3),153,27,126,0.17647058823529413,0.8235294117647058,"{'min_thresh': 1700, 'max_thresh': 7000, 'min_size': 200, 'mineccentricity': 0.4, 'minsolidity': 0.92}"
A - 07(fld 35 wv Cy3 - Cy3),40,16,24,0.4,0.6,"{'min_thresh': 1700, 'max_thresh': 7000, 'min_size': 200, 'mineccentricity': 0.4, 'minsolidity': 0.92}"
A - 07(fld 36 wv Cy3 - Cy3),30,22,8,0.7333333333333333,0.26666666666666666,"{'min_thresh': 1700, 'max_thresh': 7000, 'min_size': 200, 'mineccentricity': 0.4, 'minsolidity': 0.92}"
A - 07(fld 37 wv Cy3 - Cy3),16,12,4,0.75,0.25,"{'min_thresh': 1700, 'max_thresh': 7000, 'min_size': 200, 'mineccentricity': 0.4, 'minsolidity': 0.92}"
A - 07(fld 38 wv Cy3 - Cy3),29,10,19,0.3448275862068966,0.6551724137931034,"{'min_thresh': 1700, 'max_thresh': 7000, 'min_size': 200, 'mineccentricity': 0.4, 'minsolidity': 0.92}"
A - 07(fld 39 wv Cy3 - Cy3),66,25,41,0.3787878787878788,0.6212121212121212,"{'min_thresh': 1700, 'max_thresh': 7000, 'min_size': 200, 'mineccentricity': 0.4, 'minsolidity': 0.92}"
A - 07(fld 40 wv Cy3 - Cy3),65,15,50,0.23076923076923078,0.7692307692307693,"{'min_thresh': 1700, 'max_thresh': 7000, 'min_size': 200, 'mineccentricity': 0.4, 'minsolidity': 0.92}"
A - 07(fld 41 wv Cy3 - Cy3),164,41,123,0.25,0.75,"{'min_thresh': 1700, 'max_thresh': 7000, 'min_size': 200, 'mineccentricity': 0.4, 'minsolidity': 0.92}"
A - 07(fld 42 wv Cy3 - Cy3),12,5,7,0.4166666666666667,0.5833333333333334,"{'min_thresh': 1700, 'max_thresh': 7000, 'min_size': 200, 'mineccentricity': 0.4, 'minsolidity': 0.92}"
A - 07(fld 43 wv Cy3 - Cy3),50,46,4,0.92,0.08,"{'min_thresh': 1700, 'max_thresh': 7000, 'min_size': 200, 'mineccentricity': 0.4, 'minsolidity': 0.92}"
A - 07(fld 44 wv Cy3 - Cy3),16,8,8,0.5,0.5,"{'min_thresh': 1700, 'max_thresh': 7000, 'min_size': 200, 'mineccentricity': 0.4, 'minsolidity': 0.92}"
A - 07(fld 45 wv Cy3 - Cy3),49,17,32,0.3469387755102041,0.6530612244897959,"{'min_thresh': 1700, 'max_thresh': 7000, 'min_size': 200, 'mineccentricity': 0.4, 'minsolidity': 0.92}"
A - 07(fld 46 wv Cy3 - Cy3),77,20,57,0.2597402597402597,0.7402597402597403,"{'min_thresh': 1700, 'max_thresh': 7000, 'min_size': 200, 'mineccentricity': 0.4, 'minsolidity': 0.92}"
A - 07(fld 47 wv Cy3 - Cy3),115,26,89,0.22608695652173913,0.7739130434782608,"{'min_thresh': 1700, 'max_thresh': 7000, 'min_size': 200, 'mineccentricity': 0.4, 'minsolidity': 0.92}"
A - 07(fld 48 wv Cy3 - Cy3),97,18,79,0.18556701030927836,0.8144329896907216,"{'min_thresh': 1700, 'max_thresh': 7000, 'min_size': 200, 'mineccentricity': 0.4, 'minsolidity': 0.92}"
A - 07(fld 49 wv Cy3 - Cy3),2,2,0,1.0,0.0,"{'min_thresh': 1700, 'max_thresh': 7000, 'min_size': 200, 'mineccentricity': 0.4, 'minsolidity': 0.92}"
A - 08(fld 01 wv Cy3 - Cy3),36,16,20,0.4444444444444444,0.5555555555555556,"{'min_thresh': 1700, 'max_thresh': 7000, 'min_size': 200, 'mineccentricity': 0.4, 'minsolidity': 0.92}"
A - 08(fld 02 wv Cy3 - Cy3),35,8,27,0.22857142857142856,0.7714285714285715,"{'min_thresh': 1700, 'max_thresh': 7000, 'min_size': 200, 'mineccentricity': 0.4, 'minsolidity': 0.92}"
A - 08(fld 03 wv Cy3 - Cy3),36,13,23,0.3611111111111111,0.6388888888888888,"{'min_thresh': 1700, 'max_thresh': 7000, 'min_size': 200, 'mineccentricity': 0.4, 'minsolidity': 0.92}"
A - 08(fld 04 wv Cy3 - Cy3),20,8,12,0.4,0.6,"{'min_thresh': 1700, 'max_thresh': 7000, 'min_size': 200, 'mineccentricity': 0.4, 'minsolidity': 0.92}"
A - 08(fld 05 wv Cy3 - Cy3),41,7,34,0.17073170731707318,0.8292682926829268,"{'min_thresh': 1700, 'max_thresh': 7000, 'min_size': 200, 'mineccentricity': 0.4, 'minsolidity': 0.92}"
A - 08(fld 06 wv Cy3 - Cy3),100,15,85,0.15,0.85,"{'min_thresh': 1700, 'max_thresh': 7000, 'min_size': 200, 'mineccentricity': 0.4, 'minsolidity': 0.92}"
A - 08(fld 07 wv Cy3 - Cy3),4,0,4,0.0,1.0,"{'min_thresh': 1700, 'max_thresh': 7000, 'min_size': 200, 'mineccentricity': 0.4, 'minsolidity': 0.92}"
A - 08(fld 08 wv Cy3 - Cy3),49,21,28,0.42857142857142855,0.5714285714285714,"{'min_thresh': 1700, 'max_thresh': 7000, 'min_size': 200, 'mineccentricity': 0.4, 'minsolidity': 0.92}"
A - 08(fld 09 wv Cy3 - Cy3),44,16,28,0.36363636363636365,0.6363636363636364,"{'min_thresh': 1700, 'max_thresh': 7000, 'min_size': 200, 'mineccentricity': 0.4, 'minsolidity': 0.92}"
A - 08(fld 10 wv Cy3 - Cy3),66,11,55,0.16666666666666666,0.8333333333333334,"{'min_thresh': 1700, 'max_thresh': 7000, 'min_size': 200, 'mineccentricity': 0.4, 'minsolidity': 0.92}"
A - 08(fld 11 wv Cy3 - Cy3),36,11,25,0.3055555555555556,0.6944444444444444,"{'min_thresh': 1700, 'max_thresh': 7000, 'min_size': 200, 'mineccentricity': 0.4, 'minsolidity': 0.92}"
A - 08(fld 12 wv Cy3 - Cy3),53,8,45,0.1509433962264151,0.8490566037735849,"{'min_thresh': 1700, 'max_thresh': 7000, 'min_size': 200, 'mineccentricity': 0.4, 'minsolidity': 0.92}"
A - 08(fld 13 wv Cy3 - Cy3),90,11,79,0.12222222222222222,0.8777777777777778,"{'min_thresh': 1700, 'max_thresh': 7000, 'min_size': 200, 'mineccentricity': 0.4, 'minsolidity': 0.92}"
A - 08(fld 14 wv Cy3 - Cy3),9,3,6,0.3333333333333333,0.6666666666666666,"{'min_thresh': 1700, 'max_thresh': 7000, 'min_size': 200, 'mineccentricity': 0.4, 'minsolidity': 0.92}"
A - 08(fld 15 wv Cy3 - Cy3),57,19,38,0.3333333333333333,0.6666666666666666,"{'min_thresh': 1700, 'max_thresh': 7000, 'min_size': 200, 'mineccentricity': 0.4, 'minsolidity': 0.92}"
A - 08(fld 16 wv Cy3 - Cy3),97,30,67,0.30927835051546393,0.6907216494845361,"{'min_thresh': 1700, 'max_thresh': 7000, 'min_size': 200, 'mineccentricity': 0.4, 'minsolidity': 0.92}"
A - 08(fld 17 wv Cy3 - Cy3),80,15,65,0.1875,0.8125,"{'min_thresh': 1700, 'max_thresh': 7000, 'min_size': 200, 'mineccentricity': 0.4, 'minsolidity': 0.92}"
A - 08(fld 18 wv Cy3 - Cy3),53,10,43,0.18867924528301888,0.8113207547169812,"{'min_thresh': 1700, 'max_thresh': 7000, 'min_size': 200, 'mineccentricity': 0.4, 'minsolidity': 0.92}"
A - 08(fld 19 wv Cy3 - Cy3),75,21,54,0.28,0.72,"{'min_thresh': 1700, 'max_thresh': 7000, 'min_size': 200, 'mineccentricity': 0.4, 'minsolidity': 0.92}"
A - 08(fld 20 wv Cy3 - Cy3),115,12,103,0.10434782608695652,0.8956521739130435,"{'min_thresh': 1700, 'max_thresh': 7000, 'min_size': 200, 'mineccentricity': 0.4, 'minsolidity': 0.92}"
A - 08(fld 21 wv Cy3 - Cy3),9,2,7,0.2222222222222222,0.7777777777777778,"{'min_thresh': 1700, 'max_thresh': 7000, 'min_size': 200, 'mineccentricity': 0.4, 'minsolidity': 0.92}"
A - 08(fld 22 wv Cy3 - Cy3),49,37,12,0.7551020408163265,0.24489795918367346,"{'min_thresh': 1700, 'max_thresh': 7000, 'min_size': 200, 'mineccentricity': 0.4, 'minsolidity': 0.92}"
A - 08(fld 23 wv Cy3 - Cy3),53,26,27,0.49056603773584906,0.5094339622641509,"{'min_thresh': 1700, 'max_thresh': 7000, 'min_size': 200, 'mineccentricity': 0.4, 'minsolidity': 0.92}"
A - 08(fld 24 wv Cy3 - Cy3),42,13,29,0.30952380952380953,0.6904761904761905,"{'min_thresh': 1700, 'max_thresh': 7000, 'min_size': 200, 'mineccentricity': 0.4, 'minsolidity': 0.92}"
A - 08(fld 25 wv Cy3 - Cy3),50,17,33,0.34,0.66,"{'min_thresh': 1700, 'max_thresh': 7000, 'min_size': 200, 'mineccentricity': 0.4, 'minsolidity': 0.92}"
A - 08(fld 26 wv Cy3 - Cy3),75,20,55,0.26666666666666666,0.7333333333333333,"{'min_thresh': 1700, 'max_thresh': 7000, 'min_size': 200, 'mineccentricity': 0.4, 'minsolidity': 0.92}"
A - 08(fld 27 wv Cy3 - Cy3),137,12,125,0.08759124087591241,0.9124087591240876,"{'min_thresh': 1700, 'max_thresh': 7000, 'min_size': 200, 'mineccentricity': 0.4, 'minsolidity': 0.92}"
A - 08(fld 28 wv Cy3 - Cy3),11,3,8,0.2727272727272727,0.7272727272727273,"{'min_thresh': 1700, 'max_thresh': 7000, 'min_size': 200, 'mineccentricity': 0.4, 'minsolidity': 0.92}"
A - 08(fld 29 wv Cy3 - Cy3),38,34,4,0.8947368421052632,0.10526315789473684,"{'min_thresh': 1700, 'max_thresh': 7000, 'min_size': 200, 'mineccentricity': 0.4, 'minsolidity': 0.92}"
A - 08(fld 30 wv Cy3 - Cy3),28,27,1,0.9642857142857143,0.03571428571428571,"{'min_thresh': 1700, 'max_thresh': 7000, 'min_size': 200, 'mineccentricity': 0.4, 'minsolidity': 0.92}"
A - 08(fld 31 wv Cy3 - Cy3),21,9,12,0.42857142857142855,0.5714285714285714,"{'min_thresh': 1700, 'max_thresh': 7000, 'min_size': 200, 'mineccentricity': 0.4, 'minsolidity': 0.92}"
A - 08(fld 32 wv Cy3 - Cy3),27,10,17,0.37037037037037035,0.6296296296296297,"{'min_thresh': 1700, 'max_thresh': 7000, 'min_size': 200, 'mineccentricity': 0.4, 'minsolidity': 0.92}"
A - 08(fld 33 wv Cy3 - Cy3),100,11,89,0.11,0.89,"{'min_thresh': 1700, 'max_thresh': 7000, 'min_size': 200, 'mineccentricity': 0.4, 'minsolidity': 0.92}"
A - 08(fld 34 wv Cy3 - Cy3),107,20,87,0.18691588785046728,0.8130841121495327,"{'min_thresh': 1700, 'max_thresh': 7000, 'min_size': 200, 'mineccentricity': 0.4, 'minsolidity': 0.92}"
A - 08(fld 35 wv Cy3 - Cy3),5,1,4,0.2,0.8,"{'min_thresh': 1700, 'max_thresh': 7000, 'min_size': 200, 'mineccentricity': 0.4, 'minsolidity': 0.92}"
A - 08(fld 36 wv Cy3 - Cy3),8,7,1,0.875,0.125,"{'min_thresh': 1700, 'max_thresh': 7000, 'min_size': 200, 'mineccentricity': 0.4, 'minsolidity': 0.92}"
A - 08(fld 37 wv Cy3 - Cy3),2,1,1,0.5,0.5,"{'min_thresh': 1700, 'max_thresh': 7000, 'min_size': 200, 'mineccentricity': 0.4, 'minsolidity': 0.92}"
A - 08(fld 38 wv Cy3 - Cy3),15,10,5,0.6666666666666666,0.3333333333333333,"{'min_thresh': 1700, 'max_thresh': 7000, 'min_size': 200, 'mineccentricity': 0.4, 'minsolidity': 0.92}"
A - 08(fld 39 wv Cy3 - Cy3),24,9,15,0.375,0.625,"{'min_thresh': 1700, 'max_thresh': 7000, 'min_size': 200, 'mineccentricity': 0.4, 'minsolidity': 0.92}"
A - 08(fld 40 wv Cy3 - Cy3),57,13,44,0.22807017543859648,0.7719298245614035,"{'min_thresh': 1700, 'max_thresh': 7000, 'min_size': 200, 'mineccentricity': 0.4, 'minsolidity': 0.92}"
A - 08(fld 41 wv Cy3 - Cy3),108,14,94,0.12962962962962962,0.8703703703703703,"{'min_thresh': 1700, 'max_thresh': 7000, 'min_size': 200, 'mineccentricity': 0.4, 'minsolidity': 0.92}"
A - 08(fld 42 wv Cy3 - Cy3),1,0,1,0.0,1.0,"{'min_thresh': 1700, 'max_thresh': 7000, 'min_size': 200, 'mineccentricity': 0.4, 'minsolidity': 0.92}"
A - 08(fld 43 wv Cy3 - Cy3),9,6,3,0.6666666666666666,0.3333333333333333,"{'min_thresh': 1700, 'max_thresh': 7000, 'min_size': 200, 'mineccentricity': 0.4, 'minsolidity': 0.92}"
A - 08(fld 44 wv Cy3 - Cy3),19,13,6,0.6842105263157895,0.3157894736842105,"{'min_thresh': 1700, 'max_thresh': 7000, 'min_size': 200, 'mineccentricity': 0.4, 'minsolidity': 0.92}"
A - 08(fld 45 wv Cy3 - Cy3),43,9,34,0.20930232558139536,0.7906976744186046,"{'min_thresh': 1700, 'max_thresh': 7000, 'min_size': 200, 'mineccentricity': 0.4, 'minsolidity': 0.92}"
A - 08(fld 46 wv Cy3 - Cy3),25,3,22,0.12,0.88,"{'min_thresh': 1700, 'max_thresh': 7000, 'min_size': 200, 'mineccentricity': 0.4, 'minsolidity': 0.92}"
A - 08(fld 47 wv Cy3 - Cy3),35,4,31,0.11428571428571428,0.8857142857142857,"{'min_thresh': 1700, 'max_thresh': 7000, 'min_size': 200, 'mineccentricity': 0.4, 'minsolidity': 0.92}"
A - 08(fld 48 wv Cy3 - Cy3),29,2,27,0.06896551724137931,0.9310344827586207,"{'min_thresh': 1700, 'max_thresh': 7000, 'min_size': 200, 'mineccentricity': 0.4, 'minsolidity': 0.92}"
A - 08(fld 49 wv Cy3 - Cy3),0,0,0,NaN,NaN,"{'min_thresh': 1700, 'max_thresh': 7000, 'min_size': 200, 'mineccentricity': 0.4, 'minsolidity': 0.92}"
A - 09(fld 01 wv Cy3 - Cy3),41,29,12,0.7073170731707317,0.2926829268292683,"{'min_thresh': 1700, 'max_thresh': 7000, 'min_size': 200, 'mineccentricity': 0.4, 'minsolidity': 0.92}"
A - 09(fld 02 wv Cy3 - Cy3),55,32,23,0.5818181818181818,0.41818181818181815,"{'min_thresh': 1700, 'max_thresh': 7000, 'min_size': 200, 'mineccentricity': 0.4, 'minsolidity': 0.92}"
A - 09(fld 03 wv Cy3 - Cy3),46,30,16,0.6521739130434783,0.34782608695652173,"{'min_thresh': 1700, 'max_thresh': 7000, 'min_size': 200, 'mineccentricity': 0.4, 'minsolidity': 0.92}"
A - 09(fld 04 wv Cy3 - Cy3),56,23,33,0.4107142857142857,0.5892857142857143,"{'min_thresh': 1700, 'max_thresh': 7000, 'min_size': 200, 'mineccentricity': 0.4, 'minsolidity': 0.92}"
A - 09(fld 05 wv Cy3 - Cy3),65,6,59,0.09230769230769231,0.9076923076923077,"{'min_thresh': 1700, 'max_thresh': 7000, 'min_size': 200, 'mineccentricity': 0.4, 'minsolidity': 0.92}"
A - 09(fld 06 wv Cy3 - Cy3),122,18,104,0.14754098360655737,0.8524590163934426,"{'min_thresh': 1700, 'max_thresh': 7000, 'min_size': 200, 'mineccentricity': 0.4, 'minsolidity': 0.92}"
A - 09(fld 07 wv Cy3 - Cy3),5,2,3,0.4,0.6,"{'min_thresh': 1700, 'max_thresh': 7000, 'min_size': 200, 'mineccentricity': 0.4, 'minsolidity': 0.92}"
A - 09(fld 08 wv Cy3 - Cy3),29,21,8,0.7241379310344828,0.27586206896551724,"{'min_thresh': 1700, 'max_thresh': 7000, 'min_size': 200, 'mineccentricity': 0.4, 'minsolidity': 0.92}"
A - 09(fld 09 wv Cy3 - Cy3),24,17,7,0.7083333333333334,0.2916666666666667,"{'min_thresh': 1700, 'max_thresh': 7000, 'min_size': 200, 'mineccentricity': 0.4, 'minsolidity': 0.92}"
A - 09(fld 10 wv Cy3 - Cy3),32,15,17,0.46875,0.53125,"{'min_thresh': 1700, 'max_thresh': 7000, 'min_size': 200, 'mineccentricity': 0.4, 'minsolidity': 0.92}"
A - 09(fld 11 wv Cy3 - Cy3),49,13,36,0.2653061224489796,0.7346938775510204,"{'min_thresh': 1700, 'max_thresh': 7000, 'min_size': 200, 'mineccentricity': 0.4, 'minsolidity': 0.92}"
A - 09(fld 12 wv Cy3 - Cy3),78,22,56,0.28205128205128205,0.717948717948718,"{'min_thresh': 1700, 'max_thresh': 7000, 'min_size': 200, 'mineccentricity': 0.4, 'minsolidity': 0.92}"
A - 09(fld 13 wv Cy3 - Cy3),129,9,120,0.06976744186046512,0.9302325581395349,"{'min_thresh': 1700, 'max_thresh': 7000, 'min_size': 200, 'mineccentricity': 0.4, 'minsolidity': 0.92}"
A - 09(fld 14 wv Cy3 - Cy3),2,2,0,1.0,0.0,"{'min_thresh': 1700, 'max_thresh': 7000, 'min_size': 200, 'mineccentricity': 0.4, 'minsolidity': 0.92}"
A - 09(fld 15 wv Cy3 - Cy3),22,18,4,0.8181818181818182,0.18181818181818182,"{'min_thresh': 1700, 'max_thresh': 7000, 'min_size': 200, 'mineccentricity': 0.4, 'minsolidity': 0.92}"
A - 09(fld 16 wv Cy3 - Cy3),68,33,35,0.4852941176470588,0.5147058823529411,"{'min_thresh': 1700, 'max_thresh': 7000, 'min_size': 200, 'mineccentricity': 0.4, 'minsolidity': 0.92}"
A - 09(fld 17 wv Cy3 - Cy3),34,14,20,0.4117647058823529,0.5882352941176471,"{'min_thresh': 1700, 'max_thresh': 7000, 'min_size': 200, 'mineccentricity': 0.4, 'minsolidity': 0.92}"
A - 09(fld 18 wv Cy3 - Cy3),82,23,59,0.2804878048780488,0.7195121951219512,"{'min_thresh': 1700, 'max_thresh': 7000, 'min_size': 200, 'mineccentricity': 0.4, 'minsolidity': 0.92}"
A - 09(fld 19 wv Cy3 - Cy3),86,28,58,0.32558139534883723,0.6744186046511628,"{'min_thresh': 1700, 'max_thresh': 7000, 'min_size': 200, 'mineccentricity': 0.4, 'minsolidity': 0.92}"
A - 09(fld 20 wv Cy3 - Cy3),156,15,141,0.09615384615384616,0.9038461538461539,"{'min_thresh': 1700, 'max_thresh': 7000, 'min_size': 200, 'mineccentricity': 0.4, 'minsolidity': 0.92}"
A - 09(fld 21 wv Cy3 - Cy3),5,4,1,0.8,0.2,"{'min_thresh': 1700, 'max_thresh': 7000, 'min_size': 200, 'mineccentricity': 0.4, 'minsolidity': 0.92}"
A - 09(fld 22 wv Cy3 - Cy3),54,45,9,0.8333333333333334,0.16666666666666666,"{'min_thresh': 1700, 'max_thresh': 7000, 'min_size': 200, 'mineccentricity': 0.4, 'minsolidity': 0.92}"
A - 09(fld 23 wv Cy3 - Cy3),56,36,20,0.6428571428571429,0.35714285714285715,"{'min_thresh': 1700, 'max_thresh': 7000, 'min_size': 200, 'mineccentricity': 0.4, 'minsolidity': 0.92}"
A - 09(fld 24 wv Cy3 - Cy3),65,41,24,0.6307692307692307,0.36923076923076925,"{'min_thresh': 1700, 'max_thresh': 7000, 'min_size': 200, 'mineccentricity': 0.4, 'minsolidity': 0.92}"
A - 09(fld 25 wv Cy3 - Cy3),95,53,42,0.5578947368421052,0.4421052631578947,"{'min_thresh': 1700, 'max_thresh': 7000, 'min_size': 200, 'mineccentricity': 0.4, 'minsolidity': 0.92}"
A - 09(fld 26 wv Cy3 - Cy3),131,28,103,0.21374045801526717,0.7862595419847328,"{'min_thresh': 1700, 'max_thresh': 7000, 'min_size': 200, 'mineccentricity': 0.4, 'minsolidity': 0.92}"
A - 09(fld 27 wv Cy3 - Cy3),165,23,142,0.1393939393939394,0.8606060606060606,"{'min_thresh': 1700, 'max_thresh': 7000, 'min_size': 200, 'mineccentricity': 0.4, 'minsolidity': 0.92}"
A - 09(fld 28 wv Cy3 - Cy3),3,1,2,0.3333333333333333,0.6666666666666666,"{'min_thresh': 1700, 'max_thresh': 7000, 'min_size': 200, 'mineccentricity': 0.4, 'minsolidity': 0.92}"
A - 09(fld 29 wv Cy3 - Cy3),8,7,1,0.875,0.125,"{'min_thresh': 1700, 'max_thresh': 7000, 'min_size': 200, 'mineccentricity': 0.4, 'minsolidity': 0.92}"
A - 09(fld 30 wv Cy3 - Cy3),32,30,2,0.9375,0.0625,"{'min_thresh': 1700, 'max_thresh': 7000, 'min_size': 200, 'mineccentricity': 0.4, 'minsolidity': 0.92}"
A - 09(fld 31 wv Cy3 - Cy3),22,20,2,0.9090909090909091,0.09090909090909091,"{'min_thresh': 1700, 'max_thresh': 7000, 'min_size': 200, 'mineccentricity': 0.4, 'minsolidity': 0.92}"
A - 09(fld 32 wv Cy3 - Cy3),95,54,41,0.5684210526315789,0.43157894736842106,"{'min_thresh': 1700, 'max_thresh': 7000, 'min_size': 200, 'mineccentricity': 0.4, 'minsolidity': 0.92}"
A - 09(fld 33 wv Cy3 - Cy3),143,28,115,0.1958041958041958,0.8041958041958042,"{'min_thresh': 1700, 'max_thresh': 7000, 'min_size': 200, 'mineccentricity': 0.4, 'minsolidity': 0.92}"
A - 09(fld 34 wv Cy3 - Cy3),173,21,152,0.12138728323699421,0.8786127167630058,"{'min_thresh': 1700, 'max_thresh': 7000, 'min_size': 200, 'mineccentricity': 0.4, 'minsolidity': 0.92}"
A - 09(fld 35 wv Cy3 - Cy3),0,0,0,NaN,NaN,"{'min_thresh': 1700, 'max_thresh': 7000, 'min_size': 200, 'mineccentricity': 0.4, 'minsolidity': 0.92}"
A - 09(fld 36 wv Cy3 - Cy3),9,9,0,1.0,0.0,"{'min_thresh': 1700, 'max_thresh': 7000, 'min_size': 200, 'mineccentricity': 0.4, 'minsolidity': 0.92}"
A - 09(fld 37 wv Cy3 - Cy3),19,16,3,0.8421052631578947,0.15789473684210525,"{'min_thresh': 1700, 'max_thresh': 7000, 'min_size': 200, 'mineccentricity': 0.4, 'minsolidity': 0.92}"
A - 09(fld 38 wv Cy3 - Cy3),2,1,1,0.5,0.5,"{'min_thresh': 1700, 'max_thresh': 7000, 'min_size': 200, 'mineccentricity': 0.4, 'minsolidity': 0.92}"
A - 09(fld 39 wv Cy3 - Cy3),61,25,36,0.4098360655737705,0.5901639344262295,"{'min_thresh': 1700, 'max_thresh': 7000, 'min_size': 200, 'mineccentricity': 0.4, 'minsolidity': 0.92}"
A - 09(fld 40 wv Cy3 - Cy3),127,32,95,0.25196850393700787,0.7480314960629921,"{'min_thresh': 1700, 'max_thresh': 7000, 'min_size': 200, 'mineccentricity': 0.4, 'minsolidity': 0.92}"
A - 09(fld 41 wv Cy3 - Cy3),149,37,112,0.2483221476510067,0.7516778523489933,"{'min_thresh': 1700, 'max_thresh': 7000, 'min_size': 200, 'mineccentricity': 0.4, 'minsolidity': 0.92}"
A - 09(fld 42 wv Cy3 - Cy3),1,1,0,1.0,0.0,"{'min_thresh': 1700, 'max_thresh': 7000, 'min_size': 200, 'mineccentricity': 0.4, 'minsolidity': 0.92}"
A - 09(fld 43 wv Cy3 - Cy3),24,22,2,0.9166666666666666,0.08333333333333333,"{'min_thresh': 1700, 'max_thresh': 7000, 'min_size': 200, 'mineccentricity': 0.4, 'minsolidity': 0.92}"
A - 09(fld 44 wv Cy3 - Cy3),37,22,15,0.5945945945945946,0.40540540540540543,"{'min_thresh': 1700, 'max_thresh': 7000, 'min_size': 200, 'mineccentricity': 0.4, 'minsolidity': 0.92}"
A - 09(fld 45 wv Cy3 - Cy3),27,20,7,0.7407407407407407,0.25925925925925924,"{'min_thresh': 1700, 'max_thresh': 7000, 'min_size': 200, 'mineccentricity': 0.4, 'minsolidity': 0.92}"
A - 09(fld 46 wv Cy3 - Cy3),57,14,43,0.24561403508771928,0.7543859649122807,"{'min_thresh': 1700, 'max_thresh': 7000, 'min_size': 200, 'mineccentricity': 0.4, 'minsolidity': 0.92}"
A - 09(fld 47 wv Cy3 - Cy3),49,14,35,0.2857142857142857,0.7142857142857143,"{'min_thresh': 1700, 'max_thresh': 7000, 'min_size': 200, 'mineccentricity': 0.4, 'minsolidity': 0.92}"
A - 09(fld 48 wv Cy3 - Cy3),53,17,36,0.32075471698113206,0.6792452830188679,"{'min_thresh': 1700, 'max_thresh': 7000, 'min_size': 200, 'mineccentricity': 0.4, 'minsolidity': 0.92}"
A - 09(fld 49 wv Cy3 - Cy3),0,0,0,NaN,NaN,"{'min_thresh': 1700, 'max_thresh': 7000, 'min_size': 200, 'mineccentricity': 0.4, 'minsolidity': 0.92}"
A - 10(fld 01 wv Cy3 - Cy3),85,26,59,0.3058823529411765,0.6941176470588235,"{'min_thresh': 1700, 'max_thresh': 7000, 'min_size': 200, 'mineccentricity': 0.4, 'minsolidity': 0.92}"
A - 10(fld 02 wv Cy3 - Cy3),73,12,61,0.1643835616438356,0.8356164383561644,"{'min_thresh': 1700, 'max_thresh': 7000, 'min_size': 200, 'mineccentricity': 0.4, 'minsolidity': 0.92}"
A - 10(fld 03 wv Cy3 - Cy3),72,18,54,0.25,0.75,"{'min_thresh': 1700, 'max_thresh': 7000, 'min_size': 200, 'mineccentricity': 0.4, 'minsolidity': 0.92}"
A - 10(fld 04 wv Cy3 - Cy3),94,20,74,0.2127659574468085,0.7872340425531915,"{'min_thresh': 1700, 'max_thresh': 7000, 'min_size': 200, 'mineccentricity': 0.4, 'minsolidity': 0.92}"
A - 10(fld 05 wv Cy3 - Cy3),169,13,156,0.07692307692307693,0.9230769230769231,"{'min_thresh': 1700, 'max_thresh': 7000, 'min_size': 200, 'mineccentricity': 0.4, 'minsolidity': 0.92}"
A - 10(fld 06 wv Cy3 - Cy3),194,29,165,0.14948453608247422,0.8505154639175257,"{'min_thresh': 1700, 'max_thresh': 7000, 'min_size': 200, 'mineccentricity': 0.4, 'minsolidity': 0.92}"
A - 10(fld 07 wv Cy3 - Cy3),0,0,0,NaN,NaN,"{'min_thresh': 1700, 'max_thresh': 7000, 'min_size': 200, 'mineccentricity': 0.4, 'minsolidity': 0.92}"
A - 10(fld 08 wv Cy3 - Cy3),43,26,17,0.6046511627906976,0.3953488372093023,"{'min_thresh': 1700, 'max_thresh': 7000, 'min_size': 200, 'mineccentricity': 0.4, 'minsolidity': 0.92}"
A - 10(fld 09 wv Cy3 - Cy3),33,17,16,0.5151515151515151,0.48484848484848486,"{'min_thresh': 1700, 'max_thresh': 7000, 'min_size': 200, 'mineccentricity': 0.4, 'minsolidity': 0.92}"
A - 10(fld 10 wv Cy3 - Cy3),65,19,46,0.2923076923076923,0.7076923076923077,"{'min_thresh': 1700, 'max_thresh': 7000, 'min_size': 200, 'mineccentricity': 0.4, 'minsolidity': 0.92}"
A - 10(fld 11 wv Cy3 - Cy3),81,15,66,0.18518518518518517,0.8148148148148148,"{'min_thresh': 1700, 'max_thresh': 7000, 'min_size': 200, 'mineccentricity': 0.4, 'minsolidity': 0.92}"
A - 10(fld 12 wv Cy3 - Cy3),178,18,160,0.10112359550561797,0.898876404494382,"{'min_thresh': 1700, 'max_thresh': 7000, 'min_size': 200, 'mineccentricity': 0.4, 'minsolidity': 0.92}"
A - 10(fld 13 wv Cy3 - Cy3),154,19,135,0.12337662337662338,0.8766233766233766,"{'min_thresh': 1700, 'max_thresh': 7000, 'min_size': 200, 'mineccentricity': 0.4, 'minsolidity': 0.92}"
A - 10(fld 14 wv Cy3 - Cy3),0,0,0,NaN,NaN,"{'min_thresh': 1700, 'max_thresh': 7000, 'min_size': 200, 'mineccentricity': 0.4, 'minsolidity': 0.92}"
A - 10(fld 15 wv Cy3 - Cy3),41,28,13,0.6829268292682927,0.3170731707317073,"{'min_thresh': 1700, 'max_thresh': 7000, 'min_size': 200, 'mineccentricity': 0.4, 'minsolidity': 0.92}"
A - 10(fld 16 wv Cy3 - Cy3),67,25,42,0.373134328358209,0.6268656716417911,"{'min_thresh': 1700, 'max_thresh': 7000, 'min_size': 200, 'mineccentricity': 0.4, 'minsolidity': 0.92}"
A - 10(fld 17 wv Cy3 - Cy3),56,7,49,0.125,0.875,"{'min_thresh': 1700, 'max_thresh': 7000, 'min_size': 200, 'mineccentricity': 0.4, 'minsolidity': 0.92}"
A - 10(fld 18 wv Cy3 - Cy3),98,21,77,0.21428571428571427,0.7857142857142857,"{'min_thresh': 1700, 'max_thresh': 7000, 'min_size': 200, 'mineccentricity': 0.4, 'minsolidity': 0.92}"
A - 10(fld 19 wv Cy3 - Cy3),134,32,102,0.23880597014925373,0.7611940298507462,"{'min_thresh': 1700, 'max_thresh': 7000, 'min_size': 200, 'mineccentricity': 0.4, 'minsolidity': 0.92}"
A - 10(fld 20 wv Cy3 - Cy3),138,20,118,0.14492753623188406,0.855072463768116,"{'min_thresh': 1700, 'max_thresh': 7000, 'min_size': 200, 'mineccentricity': 0.4, 'minsolidity': 0.92}"
A - 10(fld 21 wv Cy3 - Cy3),0,0,0,NaN,NaN,"{'min_thresh': 1700, 'max_thresh': 7000, 'min_size': 200, 'mineccentricity': 0.4, 'minsolidity': 0.92}"
A - 10(fld 22 wv Cy3 - Cy3),44,31,13,0.7045454545454546,0.29545454545454547,"{'min_thresh': 1700, 'max_thresh': 7000, 'min_size': 200, 'mineccentricity': 0.4, 'minsolidity': 0.92}"
A - 10(fld 23 wv Cy3 - Cy3),45,28,17,0.6222222222222222,0.37777777777777777,"{'min_thresh': 1700, 'max_thresh': 7000, 'min_size': 200, 'mineccentricity': 0.4, 'minsolidity': 0.92}"
A - 10(fld 24 wv Cy3 - Cy3),70,30,40,0.42857142857142855,0.5714285714285714,"{'min_thresh': 1700, 'max_thresh': 7000, 'min_size': 200, 'mineccentricity': 0.4, 'minsolidity': 0.92}"
A - 10(fld 25 wv Cy3 - Cy3),97,30,67,0.30927835051546393,0.6907216494845361,"{'min_thresh': 1700, 'max_thresh': 7000, 'min_size': 200, 'mineccentricity': 0.4, 'minsolidity': 0.92}"
A - 10(fld 26 wv Cy3 - Cy3),114,13,101,0.11403508771929824,0.8859649122807017,"{'min_thresh': 1700, 'max_thresh': 7000, 'min_size': 200, 'mineccentricity': 0.4, 'minsolidity': 0.92}"
A - 10(fld 27 wv Cy3 - Cy3),158,30,128,0.189873417721519,0.810126582278481,"{'min_thresh': 1700, 'max_thresh': 7000, 'min_size': 200, 'mineccentricity': 0.4, 'minsolidity': 0.92}"
A - 10(fld 28 wv Cy3 - Cy3),0,0,0,NaN,NaN,"{'min_thresh': 1700, 'max_thresh': 7000, 'min_size': 200, 'mineccentricity': 0.4, 'minsolidity': 0.92}"
A - 10(fld 29 wv Cy3 - Cy3),21,18,3,0.8571428571428571,0.14285714285714285,"{'min_thresh': 1700, 'max_thresh': 7000, 'min_size': 200, 'mineccentricity': 0.4, 'minsolidity': 0.92}"
A - 10(fld 30 wv Cy3 - Cy3),27,24,3,0.8888888888888888,0.1111111111111111,"{'min_thresh': 1700, 'max_thresh': 7000, 'min_size': 200, 'mineccentricity': 0.4, 'minsolidity': 0.92}"
A - 10(fld 31 wv Cy3 - Cy3),26,20,6,0.7692307692307693,0.23076923076923078,"{'min_thresh': 1700, 'max_thresh': 7000, 'min_size': 200, 'mineccentricity': 0.4, 'minsolidity': 0.92}"
A - 10(fld 32 wv Cy3 - Cy3),103,66,37,0.6407766990291263,0.3592233009708738,"{'min_thresh': 1700, 'max_thresh': 7000, 'min_size': 200, 'mineccentricity': 0.4, 'minsolidity': 0.92}"
A - 10(fld 33 wv Cy3 - Cy3),155,20,135,0.12903225806451613,0.8709677419354839,"{'min_thresh': 1700, 'max_thresh': 7000, 'min_size': 200, 'mineccentricity': 0.4, 'minsolidity': 0.92}"
A - 10(fld 34 wv Cy3 - Cy3),137,24,113,0.17518248175182483,0.8248175182481752,"{'min_thresh': 1700, 'max_thresh': 7000, 'min_size': 200, 'mineccentricity': 0.4, 'minsolidity': 0.92}"
A - 10(fld 35 wv Cy3 - Cy3),0,0,0,NaN,NaN,"{'min_thresh': 1700, 'max_thresh': 7000, 'min_size': 200, 'mineccentricity': 0.4, 'minsolidity': 0.92}"
A - 10(fld 36 wv Cy3 - Cy3),35,32,3,0.9142857142857143,0.08571428571428572,"{'min_thresh': 1700, 'max_thresh': 7000, 'min_size': 200, 'mineccentricity': 0.4, 'minsolidity': 0.92}"
A - 10(fld 37 wv Cy3 - Cy3),33,26,7,0.7878787878787878,0.21212121212121213,"{'min_thresh': 1700, 'max_thresh': 7000, 'min_size': 200, 'mineccentricity': 0.4, 'minsolidity': 0.92}"
A - 10(fld 38 wv Cy3 - Cy3),19,16,3,0.8421052631578947,0.15789473684210525,"{'min_thresh': 1700, 'max_thresh': 7000, 'min_size': 200, 'mineccentricity': 0.4, 'minsolidity': 0.92}"
A - 10(fld 39 wv Cy3 - Cy3),63,36,27,0.5714285714285714,0.42857142857142855,"{'min_thresh': 1700, 'max_thresh': 7000, 'min_size': 200, 'mineccentricity': 0.4, 'minsolidity': 0.92}"
A - 10(fld 40 wv Cy3 - Cy3),107,36,71,0.3364485981308411,0.6635514018691588,"{'min_thresh': 1700, 'max_thresh': 7000, 'min_size': 200, 'mineccentricity': 0.4, 'minsolidity': 0.92}"
A - 10(fld 41 wv Cy3 - Cy3),104,14,90,0.1346153846153846,0.8653846153846154,"{'min_thresh': 1700, 'max_thresh': 7000, 'min_size': 200, 'mineccentricity': 0.4, 'minsolidity': 0.92}"
A - 10(fld 42 wv Cy3 - Cy3),0,0,0,NaN,NaN,"{'min_thresh': 1700, 'max_thresh': 7000, 'min_size': 200, 'mineccentricity': 0.4, 'minsolidity': 0.92}"
A - 10(fld 43 wv Cy3 - Cy3),24,22,2,0.9166666666666666,0.08333333333333333,"{'min_thresh': 1700, 'max_thresh': 7000, 'min_size': 200, 'mineccentricity': 0.4, 'minsolidity': 0.92}"
A - 10(fld 44 wv Cy3 - Cy3),19,16,3,0.8421052631578947,0.15789473684210525,"{'min_thresh': 1700, 'max_thresh': 7000, 'min_size': 200, 'mineccentricity': 0.4, 'minsolidity': 0.92}"
A - 10(fld 45 wv Cy3 - Cy3),26,23,3,0.8846153846153846,0.11538461538461539,"{'min_thresh': 1700, 'max_thresh': 7000, 'min_size': 200, 'mineccentricity': 0.4, 'minsolidity': 0.92}"
A - 10(fld 46 wv Cy3 - Cy3),55,24,31,0.43636363636363634,0.5636363636363636,"{'min_thresh': 1700, 'max_thresh': 7000, 'min_size': 200, 'mineccentricity': 0.4, 'minsolidity': 0.92}"
A - 10(fld 47 wv Cy3 - Cy3),93,12,81,0.12903225806451613,0.8709677419354839,"{'min_thresh': 1700, 'max_thresh': 7000, 'min_size': 200, 'mineccentricity': 0.4, 'minsolidity': 0.92}"
A - 10(fld 48 wv Cy3 - Cy3),53,16,37,0.3018867924528302,0.6981132075471698,"{'min_thresh': 1700, 'max_thresh': 7000, 'min_size': 200, 'mineccentricity': 0.4, 'minsolidity': 0.92}"
A - 10(fld 49 wv Cy3 - Cy3),0,0,0,NaN,NaN,"{'min_thresh': 1700, 'max_thresh': 7000, 'min_size': 200, 'mineccentricity': 0.4, 'minsolidity': 0.92}"
B - 07(fld 01 wv Cy3 - Cy3),23,14,9,0.6086956521739131,0.391304347826087,"{'min_thresh': 1700, 'max_thresh': 7000, 'min_size': 200, 'mineccentricity': 0.4, 'minsolidity': 0.92}"
B - 07(fld 02 wv Cy3 - Cy3),8,3,5,0.375,0.625,"{'min_thresh': 1700, 'max_thresh': 7000, 'min_size': 200, 'mineccentricity': 0.4, 'minsolidity': 0.92}"
B - 07(fld 03 wv Cy3 - Cy3),15,9,6,0.6,0.4,"{'min_thresh': 1700, 'max_thresh': 7000, 'min_size': 200, 'mineccentricity': 0.4, 'minsolidity': 0.92}"
B - 07(fld 04 wv Cy3 - Cy3),16,13,3,0.8125,0.1875,"{'min_thresh': 1700, 'max_thresh': 7000, 'min_size': 200, 'mineccentricity': 0.4, 'minsolidity': 0.92}"
B - 07(fld 05 wv Cy3 - Cy3),17,7,10,0.4117647058823529,0.5882352941176471,"{'min_thresh': 1700, 'max_thresh': 7000, 'min_size': 200, 'mineccentricity': 0.4, 'minsolidity': 0.92}"
B - 07(fld 06 wv Cy3 - Cy3),31,9,22,0.2903225806451613,0.7096774193548387,"{'min_thresh': 1700, 'max_thresh': 7000, 'min_size': 200, 'mineccentricity': 0.4, 'minsolidity': 0.92}"
B - 07(fld 07 wv Cy3 - Cy3),11,3,8,0.2727272727272727,0.7272727272727273,"{'min_thresh': 1700, 'max_thresh': 7000, 'min_size': 200, 'mineccentricity': 0.4, 'minsolidity': 0.92}"
B - 07(fld 08 wv Cy3 - Cy3),23,9,14,0.391304347826087,0.6086956521739131,"{'min_thresh': 1700, 'max_thresh': 7000, 'min_size': 200, 'mineccentricity': 0.4, 'minsolidity': 0.92}"
B - 07(fld 09 wv Cy3 - Cy3),32,19,13,0.59375,0.40625,"{'min_thresh': 1700, 'max_thresh': 7000, 'min_size': 200, 'mineccentricity': 0.4, 'minsolidity': 0.92}"
B - 07(fld 10 wv Cy3 - Cy3),38,14,24,0.3684210526315789,0.631578947368421,"{'min_thresh': 1700, 'max_thresh': 7000, 'min_size': 200, 'mineccentricity': 0.4, 'minsolidity': 0.92}"
B - 07(fld 11 wv Cy3 - Cy3),24,13,11,0.5416666666666666,0.4583333333333333,"{'min_thresh': 1700, 'max_thresh': 7000, 'min_size': 200, 'mineccentricity': 0.4, 'minsolidity': 0.92}"
B - 07(fld 12 wv Cy3 - Cy3),25,12,13,0.48,0.52,"{'min_thresh': 1700, 'max_thresh': 7000, 'min_size': 200, 'mineccentricity': 0.4, 'minsolidity': 0.92}"
B - 07(fld 13 wv Cy3 - Cy3),59,11,48,0.1864406779661017,0.8135593220338984,"{'min_thresh': 1700, 'max_thresh': 7000, 'min_size': 200, 'mineccentricity': 0.4, 'minsolidity': 0.92}"
B - 07(fld 14 wv Cy3 - Cy3),4,1,3,0.25,0.75,"{'min_thresh': 1700, 'max_thresh': 7000, 'min_size': 200, 'mineccentricity': 0.4, 'minsolidity': 0.92}"
B - 07(fld 15 wv Cy3 - Cy3),14,7,7,0.5,0.5,"{'min_thresh': 1700, 'max_thresh': 7000, 'min_size': 200, 'mineccentricity': 0.4, 'minsolidity': 0.92}"
B - 07(fld 16 wv Cy3 - Cy3),28,4,24,0.14285714285714285,0.8571428571428571,"{'min_thresh': 1700, 'max_thresh': 7000, 'min_size': 200, 'mineccentricity': 0.4, 'minsolidity': 0.92}"
B - 07(fld 17 wv Cy3 - Cy3),16,2,14,0.125,0.875,"{'min_thresh': 1700, 'max_thresh': 7000, 'min_size': 200, 'mineccentricity': 0.4, 'minsolidity': 0.92}"
B - 07(fld 18 wv Cy3 - Cy3),20,11,9,0.55,0.45,"{'min_thresh': 1700, 'max_thresh': 7000, 'min_size': 200, 'mineccentricity': 0.4, 'minsolidity': 0.92}"
B - 07(fld 19 wv Cy3 - Cy3),34,13,21,0.38235294117647056,0.6176470588235294,"{'min_thresh': 1700, 'max_thresh': 7000, 'min_size': 200, 'mineccentricity': 0.4, 'minsolidity': 0.92}"
B - 07(fld 20 wv Cy3 - Cy3),43,11,32,0.2558139534883721,0.7441860465116279,"{'min_thresh': 1700, 'max_thresh': 7000, 'min_size': 200, 'mineccentricity': 0.4, 'minsolidity': 0.92}"
B - 07(fld 21 wv Cy3 - Cy3),8,4,4,0.5,0.5,"{'min_thresh': 1700, 'max_thresh': 7000, 'min_size': 200, 'mineccentricity': 0.4, 'minsolidity': 0.92}"
B - 07(fld 22 wv Cy3 - Cy3),13,7,6,0.5384615384615384,0.46153846153846156,"{'min_thresh': 1700, 'max_thresh': 7000, 'min_size': 200, 'mineccentricity': 0.4, 'minsolidity': 0.92}"
B - 07(fld 23 wv Cy3 - Cy3),11,3,8,0.2727272727272727,0.7272727272727273,"{'min_thresh': 1700, 'max_thresh': 7000, 'min_size': 200, 'mineccentricity': 0.4, 'minsolidity': 0.92}"
B - 07(fld 24 wv Cy3 - Cy3),14,4,10,0.2857142857142857,0.7142857142857143,"{'min_thresh': 1700, 'max_thresh': 7000, 'min_size': 200, 'mineccentricity': 0.4, 'minsolidity': 0.92}"
B - 07(fld 25 wv Cy3 - Cy3),24,9,15,0.375,0.625,"{'min_thresh': 1700, 'max_thresh': 7000, 'min_size': 200, 'mineccentricity': 0.4, 'minsolidity': 0.92}"
B - 07(fld 26 wv Cy3 - Cy3),18,6,12,0.3333333333333333,0.6666666666666666,"{'min_thresh': 1700, 'max_thresh': 7000, 'min_size': 200, 'mineccentricity': 0.4, 'minsolidity': 0.92}"
B - 07(fld 27 wv Cy3 - Cy3),37,10,27,0.2702702702702703,0.7297297297297297,"{'min_thresh': 1700, 'max_thresh': 7000, 'min_size': 200, 'mineccentricity': 0.4, 'minsolidity': 0.92}"
B - 07(fld 28 wv Cy3 - Cy3),9,3,6,0.3333333333333333,0.6666666666666666,"{'min_thresh': 1700, 'max_thresh': 7000, 'min_size': 200, 'mineccentricity': 0.4, 'minsolidity': 0.92}"
B - 07(fld 29 wv Cy3 - Cy3),6,4,2,0.6666666666666666,0.3333333333333333,"{'min_thresh': 1700, 'max_thresh': 7000, 'min_size': 200, 'mineccentricity': 0.4, 'minsolidity': 0.92}"
B - 07(fld 30 wv Cy3 - Cy3),7,3,4,0.42857142857142855,0.5714285714285714,"{'min_thresh': 1700, 'max_thresh': 7000, 'min_size': 200, 'mineccentricity': 0.4, 'minsolidity': 0.92}"
B - 07(fld 31 wv Cy3 - Cy3),4,1,3,0.25,0.75,"{'min_thresh': 1700, 'max_thresh': 7000, 'min_size': 200, 'mineccentricity': 0.4, 'minsolidity': 0.92}"
B - 07(fld 32 wv Cy3 - Cy3),4,2,2,0.5,0.5,"{'min_thresh': 1700, 'max_thresh': 7000, 'min_size': 200, 'mineccentricity': 0.4, 'minsolidity': 0.92}"
B - 07(fld 33 wv Cy3 - Cy3),5,0,5,0.0,1.0,"{'min_thresh': 1700, 'max_thresh': 7000, 'min_size': 200, 'mineccentricity': 0.4, 'minsolidity': 0.92}"
B - 07(fld 34 wv Cy3 - Cy3),50,9,41,0.18,0.82,"{'min_thresh': 1700, 'max_thresh': 7000, 'min_size': 200, 'mineccentricity': 0.4, 'minsolidity': 0.92}"
B - 07(fld 35 wv Cy3 - Cy3),2,2,0,1.0,0.0,"{'min_thresh': 1700, 'max_thresh': 7000, 'min_size': 200, 'mineccentricity': 0.4, 'minsolidity': 0.92}"
B - 07(fld 36 wv Cy3 - Cy3),24,19,5,0.7916666666666666,0.20833333333333334,"{'min_thresh': 1700, 'max_thresh': 7000, 'min_size': 200, 'mineccentricity': 0.4, 'minsolidity': 0.92}"
B - 07(fld 37 wv Cy3 - Cy3),19,9,10,0.47368421052631576,0.5263157894736842,"{'min_thresh': 1700, 'max_thresh': 7000, 'min_size': 200, 'mineccentricity': 0.4, 'minsolidity': 0.92}"
B - 07(fld 38 wv Cy3 - Cy3),25,16,9,0.64,0.36,"{'min_thresh': 1700, 'max_thresh': 7000, 'min_size': 200, 'mineccentricity': 0.4, 'minsolidity': 0.92}"
B - 07(fld 39 wv Cy3 - Cy3),21,14,7,0.6666666666666666,0.3333333333333333,"{'min_thresh': 1700, 'max_thresh': 7000, 'min_size': 200, 'mineccentricity': 0.4, 'minsolidity': 0.92}"
B - 07(fld 40 wv Cy3 - Cy3),4,2,2,0.5,0.5,"{'min_thresh': 1700, 'max_thresh': 7000, 'min_size': 200, 'mineccentricity': 0.4, 'minsolidity': 0.92}"
B - 07(fld 41 wv Cy3 - Cy3),32,10,22,0.3125,0.6875,"{'min_thresh': 1700, 'max_thresh': 7000, 'min_size': 200, 'mineccentricity': 0.4, 'minsolidity': 0.92}"
B - 07(fld 42 wv Cy3 - Cy3),6,2,4,0.3333333333333333,0.6666666666666666,"{'min_thresh': 1700, 'max_thresh': 7000, 'min_size': 200, 'mineccentricity': 0.4, 'minsolidity': 0.92}"
B - 07(fld 43 wv Cy3 - Cy3),13,5,8,0.38461538461538464,0.6153846153846154,"{'min_thresh': 1700, 'max_thresh': 7000, 'min_size': 200, 'mineccentricity': 0.4, 'minsolidity': 0.92}"
B - 07(fld 44 wv Cy3 - Cy3),13,8,5,0.6153846153846154,0.38461538461538464,"{'min_thresh': 1700, 'max_thresh': 7000, 'min_size': 200, 'mineccentricity': 0.4, 'minsolidity': 0.92}"
B - 07(fld 45 wv Cy3 - Cy3),18,4,14,0.2222222222222222,0.7777777777777778,"{'min_thresh': 1700, 'max_thresh': 7000, 'min_size': 200, 'mineccentricity': 0.4, 'minsolidity': 0.92}"
B - 07(fld 46 wv Cy3 - Cy3),7,2,5,0.2857142857142857,0.7142857142857143,"{'min_thresh': 1700, 'max_thresh': 7000, 'min_size': 200, 'mineccentricity': 0.4, 'minsolidity': 0.92}"
B - 07(fld 47 wv Cy3 - Cy3),11,1,10,0.09090909090909091,0.9090909090909091,"{'min_thresh': 1700, 'max_thresh': 7000, 'min_size': 200, 'mineccentricity': 0.4, 'minsolidity': 0.92}"
B - 07(fld 48 wv Cy3 - Cy3),17,0,17,0.0,1.0,"{'min_thresh': 1700, 'max_thresh': 7000, 'min_size': 200, 'mineccentricity': 0.4, 'minsolidity': 0.92}"
B - 07(fld 49 wv Cy3 - Cy3),0,0,0,NaN,NaN,"{'min_thresh': 1700, 'max_thresh': 7000, 'min_size': 200, 'mineccentricity': 0.4, 'minsolidity': 0.92}"
B - 08(fld 01 wv Cy3 - Cy3),28,4,24,0.14285714285714285,0.8571428571428571,"{'min_thresh': 1700, 'max_thresh': 7000, 'min_size': 200, 'mineccentricity': 0.4, 'minsolidity': 0.92}"
B - 08(fld 02 wv Cy3 - Cy3),32,8,24,0.25,0.75,"{'min_thresh': 1700, 'max_thresh': 7000, 'min_size': 200, 'mineccentricity': 0.4, 'minsolidity': 0.92}"
B - 08(fld 03 wv Cy3 - Cy3),13,0,13,0.0,1.0,"{'min_thresh': 1700, 'max_thresh': 7000, 'min_size': 200, 'mineccentricity': 0.4, 'minsolidity': 0.92}"
B - 08(fld 04 wv Cy3 - Cy3),8,1,7,0.125,0.875,"{'min_thresh': 1700, 'max_thresh': 7000, 'min_size': 200, 'mineccentricity': 0.4, 'minsolidity': 0.92}"
B - 08(fld 05 wv Cy3 - Cy3),22,5,17,0.22727272727272727,0.7727272727272727,"{'min_thresh': 1700, 'max_thresh': 7000, 'min_size': 200, 'mineccentricity': 0.4, 'minsolidity': 0.92}"
B - 08(fld 06 wv Cy3 - Cy3),64,6,58,0.09375,0.90625,"{'min_thresh': 1700, 'max_thresh': 7000, 'min_size': 200, 'mineccentricity': 0.4, 'minsolidity': 0.92}"
B - 08(fld 07 wv Cy3 - Cy3),0,0,0,NaN,NaN,"{'min_thresh': 1700, 'max_thresh': 7000, 'min_size': 200, 'mineccentricity': 0.4, 'minsolidity': 0.92}"
B - 08(fld 08 wv Cy3 - Cy3),34,10,24,0.29411764705882354,0.7058823529411765,"{'min_thresh': 1700, 'max_thresh': 7000, 'min_size': 200, 'mineccentricity': 0.4, 'minsolidity': 0.92}"
B - 08(fld 09 wv Cy3 - Cy3),33,9,24,0.2727272727272727,0.7272727272727273,"{'min_thresh': 1700, 'max_thresh': 7000, 'min_size': 200, 'mineccentricity': 0.4, 'minsolidity': 0.92}"
B - 08(fld 10 wv Cy3 - Cy3),27,7,20,0.25925925925925924,0.7407407407407407,"{'min_thresh': 1700, 'max_thresh': 7000, 'min_size': 200, 'mineccentricity': 0.4, 'minsolidity': 0.92}"
B - 08(fld 11 wv Cy3 - Cy3),22,2,20,0.09090909090909091,0.9090909090909091,"{'min_thresh': 1700, 'max_thresh': 7000, 'min_size': 200, 'mineccentricity': 0.4, 'minsolidity': 0.92}"
B - 08(fld 12 wv Cy3 - Cy3),20,1,19,0.05,0.95,"{'min_thresh': 1700, 'max_thresh': 7000, 'min_size': 200, 'mineccentricity': 0.4, 'minsolidity': 0.92}"
B - 08(fld 13 wv Cy3 - Cy3),87,2,85,0.022988505747126436,0.9770114942528736,"{'min_thresh': 1700, 'max_thresh': 7000, 'min_size': 200, 'mineccentricity': 0.4, 'minsolidity': 0.92}"
B - 08(fld 14 wv Cy3 - Cy3),2,0,2,0.0,1.0,"{'min_thresh': 1700, 'max_thresh': 7000, 'min_size': 200, 'mineccentricity': 0.4, 'minsolidity': 0.92}"
B - 08(fld 15 wv Cy3 - Cy3),34,16,18,0.47058823529411764,0.5294117647058824,"{'min_thresh': 1700, 'max_thresh': 7000, 'min_size': 200, 'mineccentricity': 0.4, 'minsolidity': 0.92}"
B - 08(fld 16 wv Cy3 - Cy3),46,7,39,0.15217391304347827,0.8478260869565217,"{'min_thresh': 1700, 'max_thresh': 7000, 'min_size': 200, 'mineccentricity': 0.4, 'minsolidity': 0.92}"
B - 08(fld 17 wv Cy3 - Cy3),32,8,24,0.25,0.75,"{'min_thresh': 1700, 'max_thresh': 7000, 'min_size': 200, 'mineccentricity': 0.4, 'minsolidity': 0.92}"
B - 08(fld 18 wv Cy3 - Cy3),45,7,38,0.15555555555555556,0.8444444444444444,"{'min_thresh': 1700, 'max_thresh': 7000, 'min_size': 200, 'mineccentricity': 0.4, 'minsolidity': 0.92}"
B - 08(fld 19 wv Cy3 - Cy3),38,4,34,0.10526315789473684,0.8947368421052632,"{'min_thresh': 1700, 'max_thresh': 7000, 'min_size': 200, 'mineccentricity': 0.4, 'minsolidity': 0.92}"
B - 08(fld 20 wv Cy3 - Cy3),111,1,110,0.009009009009009009,0.990990990990991,"{'min_thresh': 1700, 'max_thresh': 7000, 'min_size': 200, 'mineccentricity': 0.4, 'minsolidity': 0.92}"
B - 08(fld 21 wv Cy3 - Cy3),1,1,0,1.0,0.0,"{'min_thresh': 1700, 'max_thresh': 7000, 'min_size': 200, 'mineccentricity': 0.4, 'minsolidity': 0.92}"
B - 08(fld 22 wv Cy3 - Cy3),24,10,14,0.4166666666666667,0.5833333333333334,"{'min_thresh': 1700, 'max_thresh': 7000, 'min_size': 200, 'mineccentricity': 0.4, 'minsolidity': 0.92}"
B - 08(fld 23 wv Cy3 - Cy3),27,9,18,0.3333333333333333,0.6666666666666666,"{'min_thresh': 1700, 'max_thresh': 7000, 'min_size': 200, 'mineccentricity': 0.4, 'minsolidity': 0.92}"
B - 08(fld 24 wv Cy3 - Cy3),39,10,29,0.2564102564102564,0.7435897435897436,"{'min_thresh': 1700, 'max_thresh': 7000, 'min_size': 200, 'mineccentricity': 0.4, 'minsolidity': 0.92}"
B - 08(fld 25 wv Cy3 - Cy3),29,5,24,0.1724137931034483,0.8275862068965517,"{'min_thresh': 1700, 'max_thresh': 7000, 'min_size': 200, 'mineccentricity': 0.4, 'minsolidity': 0.92}"
B - 08(fld 26 wv Cy3 - Cy3),27,0,27,0.0,1.0,"{'min_thresh': 1700, 'max_thresh': 7000, 'min_size': 200, 'mineccentricity': 0.4, 'minsolidity': 0.92}"
B - 08(fld 27 wv Cy3 - Cy3),93,3,90,0.03225806451612903,0.967741935483871,"{'min_thresh': 1700, 'max_thresh': 7000, 'min_size': 200, 'mineccentricity': 0.4, 'minsolidity': 0.92}"
B - 08(fld 28 wv Cy3 - Cy3),1,1,0,1.0,0.0,"{'min_thresh': 1700, 'max_thresh': 7000, 'min_size': 200, 'mineccentricity': 0.4, 'minsolidity': 0.92}"
B - 08(fld 29 wv Cy3 - Cy3),8,4,4,0.5,0.5,"{'min_thresh': 1700, 'max_thresh': 7000, 'min_size': 200, 'mineccentricity': 0.4, 'minsolidity': 0.92}"
B - 08(fld 30 wv Cy3 - Cy3),16,5,11,0.3125,0.6875,"{'min_thresh': 1700, 'max_thresh': 7000, 'min_size': 200, 'mineccentricity': 0.4, 'minsolidity': 0.92}"
B - 08(fld 31 wv Cy3 - Cy3),10,4,6,0.4,0.6,"{'min_thresh': 1700, 'max_thresh': 7000, 'min_size': 200, 'mineccentricity': 0.4, 'minsolidity': 0.92}"
B - 08(fld 32 wv Cy3 - Cy3),6,1,5,0.16666666666666666,0.8333333333333334,"{'min_thresh': 1700, 'max_thresh': 7000, 'min_size': 200, 'mineccentricity': 0.4, 'minsolidity': 0.92}"
B - 08(fld 33 wv Cy3 - Cy3),28,2,26,0.07142857142857142,0.9285714285714286,"{'min_thresh': 1700, 'max_thresh': 7000, 'min_size': 200, 'mineccentricity': 0.4, 'minsolidity': 0.92}"
B - 08(fld 34 wv Cy3 - Cy3),91,11,80,0.12087912087912088,0.8791208791208791,"{'min_thresh': 1700, 'max_thresh': 7000, 'min_size': 200, 'mineccentricity': 0.4, 'minsolidity': 0.92}"
B - 08(fld 35 wv Cy3 - Cy3),3,2,1,0.6666666666666666,0.3333333333333333,"{'min_thresh': 1700, 'max_thresh': 7000, 'min_size': 200, 'mineccentricity': 0.4, 'minsolidity': 0.92}"
B - 08(fld 36 wv Cy3 - Cy3),11,2,9,0.18181818181818182,0.8181818181818182,"{'min_thresh': 1700, 'max_thresh': 7000, 'min_size': 200, 'mineccentricity': 0.4, 'minsolidity': 0.92}"
B - 08(fld 37 wv Cy3 - Cy3),13,2,11,0.15384615384615385,0.8461538461538461,"{'min_thresh': 1700, 'max_thresh': 7000, 'min_size': 200, 'mineccentricity': 0.4, 'minsolidity': 0.92}"
B - 08(fld 38 wv Cy3 - Cy3),5,4,1,0.8,0.2,"{'min_thresh': 1700, 'max_thresh': 7000, 'min_size': 200, 'mineccentricity': 0.4, 'minsolidity': 0.92}"
B - 08(fld 39 wv Cy3 - Cy3),10,3,7,0.3,0.7,"{'min_thresh': 1700, 'max_thresh': 7000, 'min_size': 200, 'mineccentricity': 0.4, 'minsolidity': 0.92}"
B - 08(fld 40 wv Cy3 - Cy3),56,15,41,0.26785714285714285,0.7321428571428571,"{'min_thresh': 1700, 'max_thresh': 7000, 'min_size': 200, 'mineccentricity': 0.4, 'minsolidity': 0.92}"
B - 08(fld 41 wv Cy3 - Cy3),78,11,67,0.14102564102564102,0.8589743589743589,"{'min_thresh': 1700, 'max_thresh': 7000, 'min_size': 200, 'mineccentricity': 0.4, 'minsolidity': 0.92}"
B - 08(fld 42 wv Cy3 - Cy3),0,0,0,NaN,NaN,"{'min_thresh': 1700, 'max_thresh': 7000, 'min_size': 200, 'mineccentricity': 0.4, 'minsolidity': 0.92}"
B - 08(fld 43 wv Cy3 - Cy3),14,3,11,0.21428571428571427,0.7857142857142857,"{'min_thresh': 1700, 'max_thresh': 7000, 'min_size': 200, 'mineccentricity': 0.4, 'minsolidity': 0.92}"
B - 08(fld 44 wv Cy3 - Cy3),25,2,23,0.08,0.92,"{'min_thresh': 1700, 'max_thresh': 7000, 'min_size': 200, 'mineccentricity': 0.4, 'minsolidity': 0.92}"
B - 08(fld 45 wv Cy3 - Cy3),18,4,14,0.2222222222222222,0.7777777777777778,"{'min_thresh': 1700, 'max_thresh': 7000, 'min_size': 200, 'mineccentricity': 0.4, 'minsolidity': 0.92}"
B - 08(fld 46 wv Cy3 - Cy3),5,0,5,0.0,1.0,"{'min_thresh': 1700, 'max_thresh': 7000, 'min_size': 200, 'mineccentricity': 0.4, 'minsolidity': 0.92}"
B - 08(fld 47 wv Cy3 - Cy3),36,6,30,0.16666666666666666,0.8333333333333334,"{'min_thresh': 1700, 'max_thresh': 7000, 'min_size': 200, 'mineccentricity': 0.4, 'minsolidity': 0.92}"
B - 08(fld 48 wv Cy3 - Cy3),26,6,20,0.23076923076923078,0.7692307692307693,"{'min_thresh': 1700, 'max_thresh': 7000, 'min_size': 200, 'mineccentricity': 0.4, 'minsolidity': 0.92}"
B - 08(fld 49 wv Cy3 - Cy3),0,0,0,NaN,NaN,"{'min_thresh': 1700, 'max_thresh': 7000, 'min_size': 200, 'mineccentricity': 0.4, 'minsolidity': 0.92}"
B - 09(fld 01 wv Cy3 - Cy3),5,4,1,0.8,0.2,"{'min_thresh': 1700, 'max_thresh': 7000, 'min_size': 200, 'mineccentricity': 0.4, 'minsolidity': 0.92}"
B - 09(fld 02 wv Cy3 - Cy3),6,5,1,0.8333333333333334,0.16666666666666666,"{'min_thresh': 1700, 'max_thresh': 7000, 'min_size': 200, 'mineccentricity': 0.4, 'minsolidity': 0.92}"
B - 09(fld 03 wv Cy3 - Cy3),3,2,1,0.6666666666666666,0.3333333333333333,"{'min_thresh': 1700, 'max_thresh': 7000, 'min_size': 200, 'mineccentricity': 0.4, 'minsolidity': 0.92}"
B - 09(fld 04 wv Cy3 - Cy3),6,1,5,0.16666666666666666,0.8333333333333334,"{'min_thresh': 1700, 'max_thresh': 7000, 'min_size': 200, 'mineccentricity': 0.4, 'minsolidity': 0.92}"
B - 09(fld 05 wv Cy3 - Cy3),1,1,0,1.0,0.0,"{'min_thresh': 1700, 'max_thresh': 7000, 'min_size': 200, 'mineccentricity': 0.4, 'minsolidity': 0.92}"
B - 09(fld 06 wv Cy3 - Cy3),21,5,16,0.23809523809523808,0.7619047619047619,"{'min_thresh': 1700, 'max_thresh': 7000, 'min_size': 200, 'mineccentricity': 0.4, 'minsolidity': 0.92}"
B - 09(fld 07 wv Cy3 - Cy3),0,0,0,NaN,NaN,"{'min_thresh': 1700, 'max_thresh': 7000, 'min_size': 200, 'mineccentricity': 0.4, 'minsolidity': 0.92}"
B - 09(fld 08 wv Cy3 - Cy3),9,9,0,1.0,0.0,"{'min_thresh': 1700, 'max_thresh': 7000, 'min_size': 200, 'mineccentricity': 0.4, 'minsolidity': 0.92}"
B - 09(fld 09 wv Cy3 - Cy3),11,8,3,0.7272727272727273,0.2727272727272727,"{'min_thresh': 1700, 'max_thresh': 7000, 'min_size': 200, 'mineccentricity': 0.4, 'minsolidity': 0.92}"
B - 09(fld 10 wv Cy3 - Cy3),9,4,5,0.4444444444444444,0.5555555555555556,"{'min_thresh': 1700, 'max_thresh': 7000, 'min_size': 200, 'mineccentricity': 0.4, 'minsolidity': 0.92}"
B - 09(fld 11 wv Cy3 - Cy3),6,0,6,0.0,1.0,"{'min_thresh': 1700, 'max_thresh': 7000, 'min_size': 200, 'mineccentricity': 0.4, 'minsolidity': 0.92}"
B - 09(fld 12 wv Cy3 - Cy3),10,1,9,0.1,0.9,"{'min_thresh': 1700, 'max_thresh': 7000, 'min_size': 200, 'mineccentricity': 0.4, 'minsolidity': 0.92}"
B - 09(fld 13 wv Cy3 - Cy3),26,5,21,0.19230769230769232,0.8076923076923077,"{'min_thresh': 1700, 'max_thresh': 7000, 'min_size': 200, 'mineccentricity': 0.4, 'minsolidity': 0.92}"
B - 09(fld 14 wv Cy3 - Cy3),0,0,0,NaN,NaN,"{'min_thresh': 1700, 'max_thresh': 7000, 'min_size': 200, 'mineccentricity': 0.4, 'minsolidity': 0.92}"
B - 09(fld 15 wv Cy3 - Cy3),7,5,2,0.7142857142857143,0.2857142857142857,"{'min_thresh': 1700, 'max_thresh': 7000, 'min_size': 200, 'mineccentricity': 0.4, 'minsolidity': 0.92}"
B - 09(fld 16 wv Cy3 - Cy3),13,4,9,0.3076923076923077,0.6923076923076923,"{'min_thresh': 1700, 'max_thresh': 7000, 'min_size': 200, 'mineccentricity': 0.4, 'minsolidity': 0.92}"
B - 09(fld 17 wv Cy3 - Cy3),15,5,10,0.3333333333333333,0.6666666666666666,"{'min_thresh': 1700, 'max_thresh': 7000, 'min_size': 200, 'mineccentricity': 0.4, 'minsolidity': 0.92}"
B - 09(fld 18 wv Cy3 - Cy3),3,2,1,0.6666666666666666,0.3333333333333333,"{'min_thresh': 1700, 'max_thresh': 7000, 'min_size': 200, 'mineccentricity': 0.4, 'minsolidity': 0.92}"
B - 09(fld 19 wv Cy3 - Cy3),13,2,11,0.15384615384615385,0.8461538461538461,"{'min_thresh': 1700, 'max_thresh': 7000, 'min_size': 200, 'mineccentricity': 0.4, 'minsolidity': 0.92}"
B - 09(fld 20 wv Cy3 - Cy3),24,8,16,0.3333333333333333,0.6666666666666666,"{'min_thresh': 1700, 'max_thresh': 7000, 'min_size': 200, 'mineccentricity': 0.4, 'minsolidity': 0.92}"
B - 09(fld 21 wv Cy3 - Cy3),0,0,0,NaN,NaN,"{'min_thresh': 1700, 'max_thresh': 7000, 'min_size': 200, 'mineccentricity': 0.4, 'minsolidity': 0.92}"
B - 09(fld 22 wv Cy3 - Cy3),10,9,1,0.9,0.1,"{'min_thresh': 1700, 'max_thresh': 7000, 'min_size': 200, 'mineccentricity': 0.4, 'minsolidity': 0.92}"
B - 09(fld 23 wv Cy3 - Cy3),8,4,4,0.5,0.5,"{'min_thresh': 1700, 'max_thresh': 7000, 'min_size': 200, 'mineccentricity': 0.4, 'minsolidity': 0.92}"
B - 09(fld 24 wv Cy3 - Cy3),5,3,2,0.6,0.4,"{'min_thresh': 1700, 'max_thresh': 7000, 'min_size': 200, 'mineccentricity': 0.4, 'minsolidity': 0.92}"
B - 09(fld 25 wv Cy3 - Cy3),2,2,0,1.0,0.0,"{'min_thresh': 1700, 'max_thresh': 7000, 'min_size': 200, 'mineccentricity': 0.4, 'minsolidity': 0.92}"
B - 09(fld 26 wv Cy3 - Cy3),9,3,6,0.3333333333333333,0.6666666666666666,"{'min_thresh': 1700, 'max_thresh': 7000, 'min_size': 200, 'mineccentricity': 0.4, 'minsolidity': 0.92}"
B - 09(fld 27 wv Cy3 - Cy3),22,4,18,0.18181818181818182,0.8181818181818182,"{'min_thresh': 1700, 'max_thresh': 7000, 'min_size': 200, 'mineccentricity': 0.4, 'minsolidity': 0.92}"
B - 09(fld 28 wv Cy3 - Cy3),0,0,0,NaN,NaN,"{'min_thresh': 1700, 'max_thresh': 7000, 'min_size': 200, 'mineccentricity': 0.4, 'minsolidity': 0.92}"
B - 09(fld 29 wv Cy3 - Cy3),2,1,1,0.5,0.5,"{'min_thresh': 1700, 'max_thresh': 7000, 'min_size': 200, 'mineccentricity': 0.4, 'minsolidity': 0.92}"
B - 09(fld 30 wv Cy3 - Cy3),3,2,1,0.6666666666666666,0.3333333333333333,"{'min_thresh': 1700, 'max_thresh': 7000, 'min_size': 200, 'mineccentricity': 0.4, 'minsolidity': 0.92}"
B - 09(fld 31 wv Cy3 - Cy3),4,2,2,0.5,0.5,"{'min_thresh': 1700, 'max_thresh': 7000, 'min_size': 200, 'mineccentricity': 0.4, 'minsolidity': 0.92}"
B - 09(fld 32 wv Cy3 - Cy3),2,2,0,1.0,0.0,"{'min_thresh': 1700, 'max_thresh': 7000, 'min_size': 200, 'mineccentricity': 0.4, 'minsolidity': 0.92}"
B - 09(fld 33 wv Cy3 - Cy3),7,3,4,0.42857142857142855,0.5714285714285714,"{'min_thresh': 1700, 'max_thresh': 7000, 'min_size': 200, 'mineccentricity': 0.4, 'minsolidity': 0.92}"
B - 09(fld 34 wv Cy3 - Cy3),36,10,26,0.2777777777777778,0.7222222222222222,"{'min_thresh': 1700, 'max_thresh': 7000, 'min_size': 200, 'mineccentricity': 0.4, 'minsolidity': 0.92}"
B - 09(fld 35 wv Cy3 - Cy3),0,0,0,NaN,NaN,"{'min_thresh': 1700, 'max_thresh': 7000, 'min_size': 200, 'mineccentricity': 0.4, 'minsolidity': 0.92}"
B - 09(fld 36 wv Cy3 - Cy3),5,3,2,0.6,0.4,"{'min_thresh': 1700, 'max_thresh': 7000, 'min_size': 200, 'mineccentricity': 0.4, 'minsolidity': 0.92}"
B - 09(fld 37 wv Cy3 - Cy3),4,3,1,0.75,0.25,"{'min_thresh': 1700, 'max_thresh': 7000, 'min_size': 200, 'mineccentricity': 0.4, 'minsolidity': 0.92}"
B - 09(fld 38 wv Cy3 - Cy3),7,3,4,0.42857142857142855,0.5714285714285714,"{'min_thresh': 1700, 'max_thresh': 7000, 'min_size': 200, 'mineccentricity': 0.4, 'minsolidity': 0.92}"
B - 09(fld 39 wv Cy3 - Cy3),7,5,2,0.7142857142857143,0.2857142857142857,"{'min_thresh': 1700, 'max_thresh': 7000, 'min_size': 200, 'mineccentricity': 0.4, 'minsolidity': 0.92}"
B - 09(fld 40 wv Cy3 - Cy3),3,3,0,1.0,0.0,"{'min_thresh': 1700, 'max_thresh': 7000, 'min_size': 200, 'mineccentricity': 0.4, 'minsolidity': 0.92}"
B - 09(fld 41 wv Cy3 - Cy3),21,6,15,0.2857142857142857,0.7142857142857143,"{'min_thresh': 1700, 'max_thresh': 7000, 'min_size': 200, 'mineccentricity': 0.4, 'minsolidity': 0.92}"
B - 09(fld 42 wv Cy3 - Cy3),0,0,0,NaN,NaN,"{'min_thresh': 1700, 'max_thresh': 7000, 'min_size': 200, 'mineccentricity': 0.4, 'minsolidity': 0.92}"
B - 09(fld 43 wv Cy3 - Cy3),12,9,3,0.75,0.25,"{'min_thresh': 1700, 'max_thresh': 7000, 'min_size': 200, 'mineccentricity': 0.4, 'minsolidity': 0.92}"
B - 09(fld 44 wv Cy3 - Cy3),33,15,18,0.45454545454545453,0.5454545454545454,"{'min_thresh': 1700, 'max_thresh': 7000, 'min_size': 200, 'mineccentricity': 0.4, 'minsolidity': 0.92}"
B - 09(fld 45 wv Cy3 - Cy3),16,3,13,0.1875,0.8125,"{'min_thresh': 1700, 'max_thresh': 7000, 'min_size': 200, 'mineccentricity': 0.4, 'minsolidity': 0.92}"
B - 09(fld 46 wv Cy3 - Cy3),16,2,14,0.125,0.875,"{'min_thresh': 1700, 'max_thresh': 7000, 'min_size': 200, 'mineccentricity': 0.4, 'minsolidity': 0.92}"
B - 09(fld 47 wv Cy3 - Cy3),12,5,7,0.4166666666666667,0.5833333333333334,"{'min_thresh': 1700, 'max_thresh': 7000, 'min_size': 200, 'mineccentricity': 0.4, 'minsolidity': 0.92}"
B - 09(fld 48 wv Cy3 - Cy3),8,2,6,0.25,0.75,"{'min_thresh': 1700, 'max_thresh': 7000, 'min_size': 200, 'mineccentricity': 0.4, 'minsolidity': 0.92}"
B - 09(fld 49 wv Cy3 - Cy3),0,0,0,NaN,NaN,"{'min_thresh': 1700, 'max_thresh': 7000, 'min_size': 200, 'mineccentricity': 0.4, 'minsolidity': 0.92}"
B - 10(fld 01 wv Cy3 - Cy3),50,33,17,0.66,0.34,"{'min_thresh': 1700, 'max_thresh': 7000, 'min_size': 200, 'mineccentricity': 0.4, 'minsolidity': 0.92}"
B - 10(fld 02 wv Cy3 - Cy3),45,38,7,0.8444444444444444,0.15555555555555556,"{'min_thresh': 1700, 'max_thresh': 7000, 'min_size': 200, 'mineccentricity': 0.4, 'minsolidity': 0.92}"
B - 10(fld 03 wv Cy3 - Cy3),58,37,21,0.6379310344827587,0.3620689655172414,"{'min_thresh': 1700, 'max_thresh': 7000, 'min_size': 200, 'mineccentricity': 0.4, 'minsolidity': 0.92}"
B - 10(fld 04 wv Cy3 - Cy3),66,32,34,0.48484848484848486,0.5151515151515151,"{'min_thresh': 1700, 'max_thresh': 7000, 'min_size': 200, 'mineccentricity': 0.4, 'minsolidity': 0.92}"
B - 10(fld 05 wv Cy3 - Cy3),56,16,40,0.2857142857142857,0.7142857142857143,"{'min_thresh': 1700, 'max_thresh': 7000, 'min_size': 200, 'mineccentricity': 0.4, 'minsolidity': 0.92}"
B - 10(fld 06 wv Cy3 - Cy3),112,14,98,0.125,0.875,"{'min_thresh': 1700, 'max_thresh': 7000, 'min_size': 200, 'mineccentricity': 0.4, 'minsolidity': 0.92}"
B - 10(fld 07 wv Cy3 - Cy3),0,0,0,NaN,NaN,"{'min_thresh': 1700, 'max_thresh': 7000, 'min_size': 200, 'mineccentricity': 0.4, 'minsolidity': 0.92}"
B - 10(fld 08 wv Cy3 - Cy3),27,24,3,0.8888888888888888,0.1111111111111111,"{'min_thresh': 1700, 'max_thresh': 7000, 'min_size': 200, 'mineccentricity': 0.4, 'minsolidity': 0.92}"
B - 10(fld 09 wv Cy3 - Cy3),35,26,9,0.7428571428571429,0.2571428571428571,"{'min_thresh': 1700, 'max_thresh': 7000, 'min_size': 200, 'mineccentricity': 0.4, 'minsolidity': 0.92}"
B - 10(fld 10 wv Cy3 - Cy3),43,29,14,0.6744186046511628,0.32558139534883723,"{'min_thresh': 1700, 'max_thresh': 7000, 'min_size': 200, 'mineccentricity': 0.4, 'minsolidity': 0.92}"
B - 10(fld 11 wv Cy3 - Cy3),43,30,13,0.6976744186046512,0.3023255813953488,"{'min_thresh': 1700, 'max_thresh': 7000, 'min_size': 200, 'mineccentricity': 0.4, 'minsolidity': 0.92}"
B - 10(fld 12 wv Cy3 - Cy3),71,16,55,0.22535211267605634,0.7746478873239436,"{'min_thresh': 1700, 'max_thresh': 7000, 'min_size': 200, 'mineccentricity': 0.4, 'minsolidity': 0.92}"
B - 10(fld 13 wv Cy3 - Cy3),132,16,116,0.12121212121212122,0.8787878787878788,"{'min_thresh': 1700, 'max_thresh': 7000, 'min_size': 200, 'mineccentricity': 0.4, 'minsolidity': 0.92}"
B - 10(fld 14 wv Cy3 - Cy3),0,0,0,NaN,NaN,"{'min_thresh': 1700, 'max_thresh': 7000, 'min_size': 200, 'mineccentricity': 0.4, 'minsolidity': 0.92}"
B - 10(fld 15 wv Cy3 - Cy3),39,29,10,0.7435897435897436,0.2564102564102564,"{'min_thresh': 1700, 'max_thresh': 7000, 'min_size': 200, 'mineccentricity': 0.4, 'minsolidity': 0.92}"
B - 10(fld 16 wv Cy3 - Cy3),61,29,32,0.47540983606557374,0.5245901639344263,"{'min_thresh': 1700, 'max_thresh': 7000, 'min_size': 200, 'mineccentricity': 0.4, 'minsolidity': 0.92}"
B - 10(fld 17 wv Cy3 - Cy3),65,49,16,0.7538461538461538,0.24615384615384617,"{'min_thresh': 1700, 'max_thresh': 7000, 'min_size': 200, 'mineccentricity': 0.4, 'minsolidity': 0.92}"
B - 10(fld 18 wv Cy3 - Cy3),66,41,25,0.6212121212121212,0.3787878787878788,"{'min_thresh': 1700, 'max_thresh': 7000, 'min_size': 200, 'mineccentricity': 0.4, 'minsolidity': 0.92}"
B - 10(fld 19 wv Cy3 - Cy3),118,11,107,0.09322033898305085,0.9067796610169492,"{'min_thresh': 1700, 'max_thresh': 7000, 'min_size': 200, 'mineccentricity': 0.4, 'minsolidity': 0.92}"
B - 10(fld 20 wv Cy3 - Cy3),137,17,120,0.12408759124087591,0.8759124087591241,"{'min_thresh': 1700, 'max_thresh': 7000, 'min_size': 200, 'mineccentricity': 0.4, 'minsolidity': 0.92}"
B - 10(fld 21 wv Cy3 - Cy3),0,0,0,NaN,NaN,"{'min_thresh': 1700, 'max_thresh': 7000, 'min_size': 200, 'mineccentricity': 0.4, 'minsolidity': 0.92}"
B - 10(fld 22 wv Cy3 - Cy3),32,26,6,0.8125,0.1875,"{'min_thresh': 1700, 'max_thresh': 7000, 'min_size': 200, 'mineccentricity': 0.4, 'minsolidity': 0.92}"
B - 10(fld 23 wv Cy3 - Cy3),39,32,7,0.8205128205128205,0.1794871794871795,"{'min_thresh': 1700, 'max_thresh': 7000, 'min_size': 200, 'mineccentricity': 0.4, 'minsolidity': 0.92}"
B - 10(fld 24 wv Cy3 - Cy3),88,39,49,0.4431818181818182,0.5568181818181818,"{'min_thresh': 1700, 'max_thresh': 7000, 'min_size': 200, 'mineccentricity': 0.4, 'minsolidity': 0.92}"
B - 10(fld 25 wv Cy3 - Cy3),101,50,51,0.49504950495049505,0.504950495049505,"{'min_thresh': 1700, 'max_thresh': 7000, 'min_size': 200, 'mineccentricity': 0.4, 'minsolidity': 0.92}"
B - 10(fld 26 wv Cy3 - Cy3),96,8,88,0.08333333333333333,0.9166666666666666,"{'min_thresh': 1700, 'max_thresh': 7000, 'min_size': 200, 'mineccentricity': 0.4, 'minsolidity': 0.92}"
B - 10(fld 27 wv Cy3 - Cy3),153,21,132,0.13725490196078433,0.8627450980392157,"{'min_thresh': 1700, 'max_thresh': 7000, 'min_size': 200, 'mineccentricity': 0.4, 'minsolidity': 0.92}"
B - 10(fld 28 wv Cy3 - Cy3),0,0,0,NaN,NaN,"{'min_thresh': 1700, 'max_thresh': 7000, 'min_size': 200, 'mineccentricity': 0.4, 'minsolidity': 0.92}"
B - 10(fld 29 wv Cy3 - Cy3),28,23,5,0.8214285714285714,0.17857142857142858,"{'min_thresh': 1700, 'max_thresh': 7000, 'min_size': 200, 'mineccentricity': 0.4, 'minsolidity': 0.92}"
B - 10(fld 30 wv Cy3 - Cy3),55,37,18,0.6727272727272727,0.32727272727272727,"{'min_thresh': 1700, 'max_thresh': 7000, 'min_size': 200, 'mineccentricity': 0.4, 'minsolidity': 0.92}"
B - 10(fld 31 wv Cy3 - Cy3),73,43,30,0.589041095890411,0.410958904109589,"{'min_thresh': 1700, 'max_thresh': 7000, 'min_size': 200, 'mineccentricity': 0.4, 'minsolidity': 0.92}"
B - 10(fld 32 wv Cy3 - Cy3),107,37,70,0.34579439252336447,0.6542056074766355,"{'min_thresh': 1700, 'max_thresh': 7000, 'min_size': 200, 'mineccentricity': 0.4, 'minsolidity': 0.92}"
B - 10(fld 33 wv Cy3 - Cy3),139,21,118,0.1510791366906475,0.8489208633093526,"{'min_thresh': 1700, 'max_thresh': 7000, 'min_size': 200, 'mineccentricity': 0.4, 'minsolidity': 0.92}"
B - 10(fld 34 wv Cy3 - Cy3),149,24,125,0.1610738255033557,0.8389261744966443,"{'min_thresh': 1700, 'max_thresh': 7000, 'min_size': 200, 'mineccentricity': 0.4, 'minsolidity': 0.92}"
B - 10(fld 35 wv Cy3 - Cy3),0,0,0,NaN,NaN,"{'min_thresh': 1700, 'max_thresh': 7000, 'min_size': 200, 'mineccentricity': 0.4, 'minsolidity': 0.92}"
B - 10(fld 36 wv Cy3 - Cy3),51,35,16,0.6862745098039216,0.3137254901960784,"{'min_thresh': 1700, 'max_thresh': 7000, 'min_size': 200, 'mineccentricity': 0.4, 'minsolidity': 0.92}"
B - 10(fld 37 wv Cy3 - Cy3),56,37,19,0.6607142857142857,0.3392857142857143,"{'min_thresh': 1700, 'max_thresh': 7000, 'min_size': 200, 'mineccentricity': 0.4, 'minsolidity': 0.92}"
B - 10(fld 38 wv Cy3 - Cy3),71,37,34,0.5211267605633803,0.4788732394366197,"{'min_thresh': 1700, 'max_thresh': 7000, 'min_size': 200, 'mineccentricity': 0.4, 'minsolidity': 0.92}"
B - 10(fld 39 wv Cy3 - Cy3),134,33,101,0.2462686567164179,0.753731343283582,"{'min_thresh': 1700, 'max_thresh': 7000, 'min_size': 200, 'mineccentricity': 0.4, 'minsolidity': 0.92}"
B - 10(fld 40 wv Cy3 - Cy3),163,44,119,0.26993865030674846,0.7300613496932515,"{'min_thresh': 1700, 'max_thresh': 7000, 'min_size': 200, 'mineccentricity': 0.4, 'minsolidity': 0.92}"
B - 10(fld 41 wv Cy3 - Cy3),152,37,115,0.24342105263157895,0.756578947368421,"{'min_thresh': 1700, 'max_thresh': 7000, 'min_size': 200, 'mineccentricity': 0.4, 'minsolidity': 0.92}"
B - 10(fld 42 wv Cy3 - Cy3),0,0,0,NaN,NaN,"{'min_thresh': 1700, 'max_thresh': 7000, 'min_size': 200, 'mineccentricity': 0.4, 'minsolidity': 0.92}"
B - 10(fld 43 wv Cy3 - Cy3),29,9,20,0.3103448275862069,0.6896551724137931,"{'min_thresh': 1700, 'max_thresh': 7000, 'min_size': 200, 'mineccentricity': 0.4, 'minsolidity': 0.92}"
B - 10(fld 44 wv Cy3 - Cy3),82,27,55,0.32926829268292684,0.6707317073170732,"{'min_thresh': 1700, 'max_thresh': 7000, 'min_size': 200, 'mineccentricity': 0.4, 'minsolidity': 0.92}"
B - 10(fld 45 wv Cy3 - Cy3),101,20,81,0.19801980198019803,0.801980198019802,"{'min_thresh': 1700, 'max_thresh': 7000, 'min_size': 200, 'mineccentricity': 0.4, 'minsolidity': 0.92}"
B - 10(fld 46 wv Cy3 - Cy3),108,19,89,0.17592592592592593,0.8240740740740741,"{'min_thresh': 1700, 'max_thresh': 7000, 'min_size': 200, 'mineccentricity': 0.4, 'minsolidity': 0.92}"
B - 10(fld 47 wv Cy3 - Cy3),92,23,69,0.25,0.75,"{'min_thresh': 1700, 'max_thresh': 7000, 'min_size': 200, 'mineccentricity': 0.4, 'minsolidity': 0.92}"
B - 10(fld 48 wv Cy3 - Cy3),43,27,16,0.627906976744186,0.37209302325581395,"{'min_thresh': 1700, 'max_thresh': 7000, 'min_size': 200, 'mineccentricity': 0.4, 'minsolidity': 0.92}"
B - 10(fld 49 wv Cy3 - Cy3),0,0,0,NaN,NaN,"{'min_thresh': 1700, 'max_thresh': 7000, 'min_size': 200, 'mineccentricity': 0.4, 'minsolidity': 0.92}"
